dataset,seed,fitness_method,accuracy,macro_f1,mean_per_class_accuracy
real_breast_cancer_bin,0,accuracy,0.7543859649122807,0.6877391304347826,0.681293808411215
real_breast_cancer_bin,0,f1_score,0.8538011695906432,0.8434352682658854,0.8423627336448598
real_breast_cancer_bin,0,pearson_r2,0.847953216374269,0.8366402116402116,0.8345502336448598
real_breast_cancer_bin,1,accuracy,0.8128654970760234,0.7834757834757835,0.7688376168224299
real_breast_cancer_bin,1,f1_score,0.8187134502923976,0.7796483352038908,0.7609521028037383
real_breast_cancer_bin,1,pearson_r2,0.8947368421052632,0.8805124223602485,0.8625146028037383
real_breast_cancer_bin,2,accuracy,0.8421052631578947,0.838368632942412,0.858133761682243
real_breast_cancer_bin,2,f1_score,0.8947368421052632,0.8869047619047619,0.8844918224299065
real_breast_cancer_bin,2,pearson_r2,0.8947368421052632,0.8805124223602485,0.8625146028037383
real_breast_cancer_bin,3,accuracy,0.8187134502923976,0.8032074841296357,0.7986273364485981
real_breast_cancer_bin,3,f1_score,0.8187134502923976,0.8032074841296357,0.7986273364485981
real_breast_cancer_bin,3,pearson_r2,0.7485380116959064,0.6780788932183355,0.673481308411215
real_breast_cancer_bin,4,accuracy,0.7660818713450293,0.7656892299260072,0.806804906542056
real_breast_cancer_bin,4,f1_score,0.7543859649122807,0.6786864710093057,0.6750146028037383
real_breast_cancer_bin,4,pearson_r2,0.8654970760233918,0.8559604468046145,0.8548481308411215
real_breast_cancer_bin,5,accuracy,0.9005847953216374,0.8928294930875575,0.8891647196261683
real_breast_cancer_bin,5,f1_score,0.8713450292397661,0.8680555555555556,0.8877774532710281
real_breast_cancer_bin,5,pearson_r2,0.9239766081871345,0.9155555555555555,0.9015771028037383
real_breast_cancer_bin,6,accuracy,0.8771929824561403,0.8635897435897435,0.8516355140186915
real_breast_cancer_bin,6,f1_score,0.8070175438596491,0.8053130929791271,0.8363755841121495
real_breast_cancer_bin,6,pearson_r2,0.8596491228070176,0.851948051948052,0.8564544392523364
real_breast_cancer_bin,7,accuracy,0.9298245614035088,0.922972972972973,0.9125292056074766
real_breast_cancer_bin,7,f1_score,0.8654970760233918,0.8517918378113578,0.8422897196261683
real_breast_cancer_bin,7,pearson_r2,0.7719298245614035,0.7486905075931718,0.7424065420560748
real_iris_3c,0,accuracy,0.8444444444444444,0.8464607464607464,0.8444444444444444
real_iris_3c,0,f1_score,0.9555555555555556,0.9553571428571429,0.9555555555555556
real_iris_3c,0,pearson_r2,0.9555555555555556,0.9553571428571429,0.9555555555555556
real_iris_3c,1,accuracy,0.7333333333333333,0.6775941952967917,0.7333333333333334
real_iris_3c,1,f1_score,0.9333333333333333,0.9331896551724138,0.9333333333333332
real_iris_3c,1,pearson_r2,0.9333333333333333,0.9313769414575866,0.9333333333333332
real_iris_3c,2,accuracy,0.9111111111111111,0.9095022624434389,0.9111111111111111
real_iris_3c,2,f1_score,1.0,1.0,1.0
real_iris_3c,2,pearson_r2,1.0,1.0,1.0
real_iris_3c,3,accuracy,0.9333333333333333,0.9313769414575866,0.9333333333333332
real_iris_3c,3,f1_score,0.9111111111111111,0.9109126984126984,0.9111111111111111
real_iris_3c,3,pearson_r2,0.9111111111111111,0.9109126984126984,0.9111111111111111
real_iris_3c,4,accuracy,0.9555555555555556,0.9555555555555556,0.9555555555555556
real_iris_3c,4,f1_score,0.9555555555555556,0.9555555555555556,0.9555555555555556
real_iris_3c,4,pearson_r2,0.9333333333333333,0.932542330985045,0.9333333333333332
real_iris_3c,5,accuracy,0.7111111111111111,0.6872294372294373,0.7111111111111111
real_iris_3c,5,f1_score,0.9333333333333333,0.9313769414575866,0.9333333333333332
real_iris_3c,5,pearson_r2,0.9333333333333333,0.9332591768631814,0.9333333333333332
real_iris_3c,6,accuracy,0.5777777777777777,0.4861329147043432,0.5777777777777778
real_iris_3c,6,f1_score,0.8222222222222222,0.8166283524904214,0.8222222222222223
real_iris_3c,6,pearson_r2,0.8888888888888888,0.8851802070888093,0.8888888888888888
real_iris_3c,7,accuracy,0.8444444444444444,0.8421093507300405,0.8444444444444444
real_iris_3c,7,f1_score,0.8888888888888888,0.8877665544332212,0.8888888888888888
real_iris_3c,7,pearson_r2,0.8888888888888888,0.8857142857142857,0.8888888888888888
real_wine_3c,0,accuracy,0.5925925925925926,0.5678186547751766,0.6349206349206349
real_wine_3c,0,f1_score,0.7037037037037037,0.7064393939393939,0.7380952380952381
real_wine_3c,0,pearson_r2,0.8148148148148148,0.816640169581346,0.8306878306878307
real_wine_3c,1,accuracy,0.5925925925925926,0.5121870882740448,0.6455026455026455
real_wine_3c,1,f1_score,0.7222222222222222,0.7222222222222222,0.7269841269841271
real_wine_3c,1,pearson_r2,0.7037037037037037,0.7066519931523599,0.7306878306878307
real_wine_3c,2,accuracy,0.6111111111111112,0.6028860156215524,0.6370370370370371
real_wine_3c,2,f1_score,0.6481481481481481,0.6160767337237926,0.6613756613756614
real_wine_3c,2,pearson_r2,0.7037037037037037,0.6964912280701755,0.7317460317460318
real_wine_3c,3,accuracy,0.8518518518518519,0.8477722411632719,0.8534391534391533
real_wine_3c,3,f1_score,0.8888888888888888,0.8871345029239767,0.8894179894179893
real_wine_3c,3,pearson_r2,0.8333333333333334,0.8278620083498133,0.834920634920635
real_wine_3c,4,accuracy,0.7222222222222222,0.7094806763285023,0.7492063492063492
real_wine_3c,4,f1_score,0.9074074074074074,0.899628692732141,0.898941798941799
real_wine_3c,4,pearson_r2,0.7037037037037037,0.7100256769374417,0.7227513227513228
real_wine_3c,5,accuracy,0.7222222222222222,0.7175324675324676,0.753968253968254
real_wine_3c,5,f1_score,0.7222222222222222,0.7227586206896551,0.7555555555555555
real_wine_3c,5,pearson_r2,0.7407407407407407,0.7341452710116304,0.7777777777777777
real_wine_3c,6,accuracy,0.7777777777777778,0.7730263157894738,0.8042328042328042
real_wine_3c,6,f1_score,0.8518518518518519,0.8547378547378548,0.8486772486772486
real_wine_3c,6,pearson_r2,0.6111111111111112,0.5347474747474749,0.6640211640211641
real_wine_3c,7,accuracy,0.6296296296296297,0.6076377523186034,0.671957671957672
real_wine_3c,7,f1_score,0.6111111111111112,0.5840258958145137,0.6460317460317461
real_wine_3c,7,pearson_r2,0.8148148148148148,0.8089985994397759,0.8412698412698413
real_digits_10c,0,accuracy,0.2111111111111111,0.1933631110051997,0.2115808056374094
real_digits_10c,0,f1_score,0.5203703703703704,0.46513333772621773,0.5205807469958413
real_digits_10c,0,pearson_r2,0.5074074074074074,0.46144178899978455,0.508482698294019
real_digits_10c,1,accuracy,0.2037037037037037,0.16739239599443895,0.20306524363128134
real_digits_10c,1,f1_score,0.4703703703703704,0.4332712159248195,0.47205338337413805
real_digits_10c,1,pearson_r2,0.4925925925925926,0.4307841000383744,0.4920176608855854
real_digits_10c,2,accuracy,0.2074074074074074,0.17246450266281382,0.20783431802299726
real_digits_10c,2,f1_score,0.4925925925925926,0.4620201331424435,0.49199755171453274
real_digits_10c,2,pearson_r2,0.4759259259259259,0.4149737168292849,0.47411114043189506
real_digits_10c,3,accuracy,0.22037037037037038,0.18940994155001936,0.22092941998602375
real_digits_10c,3,f1_score,0.5555555555555556,0.5395919305599394,0.555136879193483
real_digits_10c,3,pearson_r2,0.48703703703703705,0.4174295972808416,0.48757639285941173
real_digits_10c,4,accuracy,0.29814814814814816,0.2146316478653242,0.29794993964805283
real_digits_10c,4,f1_score,0.5018518518518519,0.439751591797705,0.5027158620554847
real_digits_10c,4,pearson_r2,0.562962962962963,0.5447399382032457,0.5625996295807616
real_digits_10c,5,accuracy,0.21481481481481482,0.14381469561473703,0.2147811447811448
real_digits_10c,5,f1_score,0.5074074074074074,0.4919242045371652,0.5068435931643478
real_digits_10c,5,pearson_r2,0.4388888888888889,0.40120178015671576,0.4387912995460165
real_digits_10c,6,accuracy,0.22592592592592592,0.16061888010771475,0.227606886474811
real_digits_10c,6,f1_score,0.5333333333333333,0.5145759142179427,0.5334088343522305
real_digits_10c,6,pearson_r2,0.5259259259259259,0.4918255800527615,0.5267525765638973
real_digits_10c,7,accuracy,0.15925925925925927,0.11294253566405466,0.15878787878787878
real_digits_10c,7,f1_score,0.43148148148148147,0.37805060135764357,0.4310585291717367
real_digits_10c,7,pearson_r2,0.46296296296296297,0.40562013644641504,0.4630995733825922
syn_bin_balanced,0,accuracy,0.8833333333333333,0.883156625761182,0.8838745524138782
syn_bin_balanced,0,f1_score,0.9111111111111111,0.9110671936758893,0.9109766637856526
syn_bin_balanced,0,pearson_r2,0.8722222222222222,0.8721235521235522,0.8726385973576984
syn_bin_balanced,1,accuracy,0.7777777777777778,0.7714285714285714,0.7760217310779108
syn_bin_balanced,1,f1_score,0.7166666666666667,0.7027105800058292,0.7143474503025065
syn_bin_balanced,1,pearson_r2,0.7833333333333333,0.7825211437776882,0.7827509569082602
syn_bin_balanced,2,accuracy,0.7666666666666667,0.7643097643097643,0.7692687747035574
syn_bin_balanced,2,f1_score,0.8166666666666667,0.8166610080558042,0.8171936758893281
syn_bin_balanced,2,pearson_r2,0.8166666666666667,0.8166610080558042,0.8171936758893281
syn_bin_balanced,3,accuracy,0.7611111111111111,0.7584194263241675,0.7623780713668354
syn_bin_balanced,3,f1_score,0.6555555555555556,0.6520763187429854,0.654525250030868
syn_bin_balanced,3,pearson_r2,0.6944444444444444,0.6944350134263404,0.6945919249290036
syn_bin_balanced,4,accuracy,0.7722222222222223,0.7722151918269082,0.7722558340535869
syn_bin_balanced,4,f1_score,0.7888888888888889,0.7888888888888889,0.788986294604272
syn_bin_balanced,4,pearson_r2,0.8111111111111111,0.8107372587827808,0.8117051487838005
syn_bin_balanced,5,accuracy,0.7722222222222223,0.767741935483871,0.7722222222222221
syn_bin_balanced,5,f1_score,0.7444444444444445,0.7349891179106388,0.7444444444444445
syn_bin_balanced,5,pearson_r2,0.7722222222222223,0.771651350598719,0.7722222222222221
syn_bin_balanced,6,accuracy,0.75,0.7477499922145059,0.7511421163106556
syn_bin_balanced,6,f1_score,0.6611111111111111,0.6339877995933199,0.6581676750216077
syn_bin_balanced,6,pearson_r2,0.8388888888888889,0.8382849530654606,0.8383133720212372
syn_bin_balanced,7,accuracy,0.8,0.7996041563582384,0.79960488949253
syn_bin_balanced,7,f1_score,0.7888888888888889,0.7843903669146388,0.7873811581676751
syn_bin_balanced,7,pearson_r2,0.7944444444444444,0.7942857142857143,0.7942338560316089
syn_bin_imbalanced,0,accuracy,0.8833333333333333,0.4690265486725664,0.5
syn_bin_imbalanced,0,f1_score,0.9,0.746875,0.7367475292003594
syn_bin_imbalanced,0,pearson_r2,0.8666666666666667,0.7212903225806452,0.7592093441150045
syn_bin_imbalanced,1,accuracy,0.8888888888888888,0.47058823529411764,0.5
syn_bin_imbalanced,1,f1_score,0.7833333333333333,0.6248196248196248,0.703125
syn_bin_imbalanced,1,pearson_r2,0.9,0.6269000460617227,0.59375
syn_bin_imbalanced,2,accuracy,0.8944444444444445,0.47214076246334313,0.5
syn_bin_imbalanced,2,f1_score,0.9111111111111111,0.6901893287435455,0.6485779666557698
syn_bin_imbalanced,2,pearson_r2,0.8722222222222222,0.6962805370112244,0.7196796338672768
syn_bin_imbalanced,3,accuracy,0.8833333333333333,0.4690265486725664,0.5
syn_bin_imbalanced,3,f1_score,0.8111111111111111,0.66,0.7277628032345014
syn_bin_imbalanced,3,pearson_r2,0.8444444444444444,0.6853146853146853,0.7259658580413297
syn_bin_imbalanced,4,accuracy,0.8833333333333333,0.4690265486725664,0.496875
syn_bin_imbalanced,4,f1_score,0.8222222222222222,0.6959459459459459,0.8125
syn_bin_imbalanced,4,pearson_r2,0.8666666666666667,0.6469434455704478,0.640625
syn_bin_imbalanced,5,accuracy,0.8944444444444445,0.47214076246334313,0.5
syn_bin_imbalanced,5,f1_score,0.8222222222222222,0.6403596403596403,0.6917293233082706
syn_bin_imbalanced,5,pearson_r2,0.8555555555555555,0.6495956873315364,0.6639424648577967
syn_bin_imbalanced,6,accuracy,0.8777777777777778,0.46745562130177515,0.4968553459119497
syn_bin_imbalanced,6,f1_score,0.8388888888888889,0.6008869179600886,0.5988319856244384
syn_bin_imbalanced,6,pearson_r2,0.8333333333333334,0.5956873315363882,0.5956873315363882
syn_bin_imbalanced,7,accuracy,0.8833333333333333,0.4690265486725664,0.5
syn_bin_imbalanced,7,f1_score,0.8722222222222222,0.6163469557964971,0.5970350404312669
syn_bin_imbalanced,7,pearson_r2,0.8722222222222222,0.6163469557964971,0.5970350404312669
syn_3c_balanced,0,accuracy,0.5733333333333334,0.5637401259700039,0.5761670761670762
syn_3c_balanced,0,f1_score,0.5688888888888889,0.5696365505190667,0.5672750672750673
syn_3c_balanced,0,pearson_r2,0.6222222222222222,0.6111956705564011,0.6181701181701181
syn_3c_balanced,1,accuracy,0.6,0.5882257454872115,0.6
syn_3c_balanced,1,f1_score,0.6533333333333333,0.6341736191502668,0.6533333333333333
syn_3c_balanced,1,pearson_r2,0.6088888888888889,0.5933239962651727,0.6088888888888889
syn_3c_balanced,2,accuracy,0.6444444444444445,0.6327911969940955,0.6452157420578474
syn_3c_balanced,2,f1_score,0.6933333333333334,0.6891172452587592,0.6936984352773826
syn_3c_balanced,2,pearson_r2,0.7155555555555555,0.7120886496909343,0.7164011379800854
syn_3c_balanced,3,accuracy,0.68,0.6735003323363244,0.68
syn_3c_balanced,3,f1_score,0.6088888888888889,0.589014772074635,0.6088888888888889
syn_3c_balanced,3,pearson_r2,0.6133333333333333,0.5969141639408007,0.6133333333333333
syn_3c_balanced,4,accuracy,0.6177777777777778,0.5932294285235461,0.6224406224406225
syn_3c_balanced,4,f1_score,0.6044444444444445,0.5807467750933235,0.6005031005031005
syn_3c_balanced,4,pearson_r2,0.6133333333333333,0.5820904938551997,0.6179361179361179
syn_3c_balanced,5,accuracy,0.5733333333333334,0.5574548907882241,0.5710384068278805
syn_3c_balanced,5,f1_score,0.5911111111111111,0.5063457206840302,0.5872024656235183
syn_3c_balanced,5,pearson_r2,0.6222222222222222,0.547168383679646,0.618376797850482
syn_3c_balanced,6,accuracy,0.6622222222222223,0.6599336940246031,0.6627264106211475
syn_3c_balanced,6,f1_score,0.6533333333333333,0.6467066466766617,0.6540746009167062
syn_3c_balanced,6,pearson_r2,0.5466666666666666,0.4778618614039212,0.5429951003635215
syn_3c_balanced,7,accuracy,0.5511111111111111,0.5365302185475739,0.5442855922307976
syn_3c_balanced,7,f1_score,0.6488888888888888,0.6286741713570981,0.6431536910988966
syn_3c_balanced,7,pearson_r2,0.6488888888888888,0.6324428724693231,0.648173990639744
syn_3c_imbalanced,0,accuracy,0.7777777777777778,0.6195328512526924,0.6064454064454065
syn_3c_imbalanced,0,f1_score,0.7911111111111111,0.6218253968253968,0.5598290598290597
syn_3c_imbalanced,0,pearson_r2,0.7733333333333333,0.5579922027290448,0.5293484293484294
syn_3c_imbalanced,1,accuracy,0.7644444444444445,0.584395532470148,0.5830060776063581
syn_3c_imbalanced,1,f1_score,0.6977777777777778,0.3550953887450867,0.37330528284244974
syn_3c_imbalanced,1,pearson_r2,0.7733333333333333,0.4659593280282935,0.4761103319308088
syn_3c_imbalanced,2,accuracy,0.7155555555555555,0.5733862662974459,0.5981180308953279
syn_3c_imbalanced,2,f1_score,0.6888888888888889,0.2719298245614035,0.3333333333333333
syn_3c_imbalanced,2,pearson_r2,0.6711111111111111,0.569720108753566,0.6162175604030518
syn_3c_imbalanced,3,accuracy,0.72,0.5186023114390359,0.5262630181134552
syn_3c_imbalanced,3,f1_score,0.7466666666666667,0.4687769555184213,0.45764077467100356
syn_3c_imbalanced,3,pearson_r2,0.7688888888888888,0.6147488820089438,0.6215133339301523
syn_3c_imbalanced,4,accuracy,0.7244444444444444,0.5653682881419496,0.6048289771694026
syn_3c_imbalanced,4,f1_score,0.7866666666666666,0.5053479649951382,0.5516457537734133
syn_3c_imbalanced,4,pearson_r2,0.7955555555555556,0.5089651477910128,0.5045132172791748
syn_3c_imbalanced,5,accuracy,0.8488888888888889,0.5811105818845758,0.6278335191378669
syn_3c_imbalanced,5,f1_score,0.8355555555555556,0.564935064935065,0.5703270159791899
syn_3c_imbalanced,5,pearson_r2,0.7955555555555556,0.5406257959599522,0.5868636194723151
syn_3c_imbalanced,6,accuracy,0.7511111111111111,0.5491720413489082,0.5655890003716091
syn_3c_imbalanced,6,f1_score,0.7555555555555555,0.5104204714822512,0.49739873652917127
syn_3c_imbalanced,6,pearson_r2,0.7866666666666666,0.6623878177291412,0.6819026384243775
syn_3c_imbalanced,7,accuracy,0.7822222222222223,0.6048398723097519,0.5779450018580453
syn_3c_imbalanced,7,f1_score,0.7777777777777778,0.6102579158021639,0.5596432552954292
syn_3c_imbalanced,7,pearson_r2,0.8133333333333334,0.6303339202421772,0.6112040133779265
syn_5c_imbalanced,0,accuracy,0.47,0.1878162148821521,0.3265993265993266
syn_5c_imbalanced,0,f1_score,0.6066666666666667,0.3335058830452169,0.31502180272672076
syn_5c_imbalanced,0,pearson_r2,0.58,0.40165846537981376,0.44238008500303583
syn_5c_imbalanced,1,accuracy,0.5933333333333334,0.36811295383236214,0.3819731256038205
syn_5c_imbalanced,1,f1_score,0.63,0.3166711128161242,0.3106723881681138
syn_5c_imbalanced,1,pearson_r2,0.5766666666666667,0.2869913398971353,0.3321142735816376
syn_5c_imbalanced,2,accuracy,0.5666666666666667,0.2689505464059456,0.28939170219403143
syn_5c_imbalanced,2,f1_score,0.6733333333333333,0.33533227006911215,0.3453978688102138
syn_5c_imbalanced,2,pearson_r2,0.7,0.5523339895624354,0.5542674225196571
syn_5c_imbalanced,3,accuracy,0.4033333333333333,0.16112852664576802,0.268013468013468
syn_5c_imbalanced,3,f1_score,0.5933333333333334,0.28470965371544044,0.3004010298679913
syn_5c_imbalanced,3,pearson_r2,0.6266666666666667,0.3085276616941128,0.32326009625444657
syn_5c_imbalanced,4,accuracy,0.43666666666666665,0.24665797071600473,0.3220875420875421
syn_5c_imbalanced,4,f1_score,0.6333333333333333,0.3651310120275637,0.3415844103275797
syn_5c_imbalanced,4,pearson_r2,0.6433333333333333,0.3637633599556833,0.3650874606065863
syn_5c_imbalanced,5,accuracy,0.4633333333333333,0.22869663874665797,0.25612785631724017
syn_5c_imbalanced,5,f1_score,0.6333333333333333,0.3956200662083015,0.37322409785466604
syn_5c_imbalanced,5,pearson_r2,0.6533333333333333,0.4392089477146948,0.46614856025098755
syn_5c_imbalanced,6,accuracy,0.5166666666666667,0.18227424749163879,0.277244494635799
syn_5c_imbalanced,6,f1_score,0.6133333333333333,0.3375329498088119,0.3360339520227319
syn_5c_imbalanced,6,pearson_r2,0.64,0.3846500867553499,0.41395420848436276
syn_5c_imbalanced,7,accuracy,0.5666666666666667,0.30160165776819353,0.36020238818053024
syn_5c_imbalanced,7,f1_score,0.6733333333333333,0.4153355180898803,0.4132321392430683
syn_5c_imbalanced,7,pearson_r2,0.58,0.41573153013315284,0.4342013946385531
syn_bin_imbalanced_high_overlap,0,accuracy,0.8285714285714286,0.453125,0.5
syn_bin_imbalanced_high_overlap,0,f1_score,0.4380952380952381,0.4013914387863562,0.4846743295019157
syn_bin_imbalanced_high_overlap,0,pearson_r2,0.4238095238095238,0.38461165871497416,0.4540229885057471
syn_bin_imbalanced_high_overlap,1,accuracy,0.8476190476190476,0.4587628865979381,0.5
syn_bin_imbalanced_high_overlap,1,f1_score,0.5952380952380952,0.4533092401457842,0.4664676966292135
syn_bin_imbalanced_high_overlap,1,pearson_r2,0.6857142857142857,0.48043184885290147,0.48139044943820225
syn_bin_imbalanced_high_overlap,2,accuracy,0.8333333333333334,0.45454545454545453,0.5
syn_bin_imbalanced_high_overlap,2,f1_score,0.5142857142857142,0.4573918330124632,0.5371428571428571
syn_bin_imbalanced_high_overlap,2,pearson_r2,0.5523809523809524,0.4671201814058957,0.5142857142857142
syn_bin_imbalanced_high_overlap,3,accuracy,0.8428571428571429,0.4573643410852713,0.5
syn_bin_imbalanced_high_overlap,3,f1_score,0.44285714285714284,0.41077723686419343,0.5338983050847458
syn_bin_imbalanced_high_overlap,3,pearson_r2,0.7238095238095238,0.5341187270501836,0.5403184386235234
syn_bin_imbalanced_high_overlap,4,accuracy,0.8285714285714286,0.453125,0.5
syn_bin_imbalanced_high_overlap,4,f1_score,0.6047619047619047,0.5083354489295083,0.5522030651340997
syn_bin_imbalanced_high_overlap,4,pearson_r2,0.5619047619047619,0.44616443068455447,0.46024904214559387
syn_bin_imbalanced_high_overlap,5,accuracy,0.8476190476190476,0.4587628865979381,0.5
syn_bin_imbalanced_high_overlap,5,f1_score,0.7142857142857143,0.5367647058823529,0.5495084269662922
syn_bin_imbalanced_high_overlap,5,pearson_r2,0.8380952380952381,0.5502645502645502,0.5456460674157304
syn_bin_imbalanced_high_overlap,6,accuracy,0.8380952380952381,0.45595854922279794,0.5
syn_bin_imbalanced_high_overlap,6,f1_score,0.5380952380952381,0.4746073095870625,0.558322192513369
syn_bin_imbalanced_high_overlap,6,pearson_r2,0.7095238095238096,0.5149748210972701,0.5182152406417112
syn_bin_imbalanced_high_overlap,7,accuracy,0.8333333333333334,0.45454545454545453,0.5
syn_bin_imbalanced_high_overlap,7,f1_score,0.34285714285714286,0.33416046319272125,0.48
syn_bin_imbalanced_high_overlap,7,pearson_r2,0.6047619047619047,0.5273220338983051,0.6028571428571429
syn_3c_imbalanced_high_overlap,0,accuracy,0.6791666666666667,0.3202878992352676,0.3611111111111111
syn_3c_imbalanced_high_overlap,0,f1_score,0.6708333333333333,0.26766417290108063,0.3333333333333333
syn_3c_imbalanced_high_overlap,0,pearson_r2,0.7,0.44842454394693193,0.47551289290419724
syn_3c_imbalanced_high_overlap,1,accuracy,0.6125,0.26558265582655827,0.30246913580246915
syn_3c_imbalanced_high_overlap,1,f1_score,0.6791666666666667,0.3190584278510676,0.35678702930164924
syn_3c_imbalanced_high_overlap,1,pearson_r2,0.525,0.36896322118209235,0.4639376218323587
syn_3c_imbalanced_high_overlap,2,accuracy,0.6625,0.2710997442455243,0.3271604938271605
syn_3c_imbalanced_high_overlap,2,f1_score,0.675,0.26865671641791045,0.3333333333333333
syn_3c_imbalanced_high_overlap,2,pearson_r2,0.65,0.38711486061622297,0.38940329218106995
syn_3c_imbalanced_high_overlap,3,accuracy,0.6708333333333333,0.26766417290108063,0.3333333333333333
syn_3c_imbalanced_high_overlap,3,f1_score,0.6708333333333333,0.26766417290108063,0.3333333333333333
syn_3c_imbalanced_high_overlap,3,pearson_r2,0.42083333333333334,0.32345389886373493,0.3581780538302277
syn_3c_imbalanced_high_overlap,4,accuracy,0.6083333333333333,0.3582118632011208,0.38340094658553076
syn_3c_imbalanced_high_overlap,4,f1_score,0.6666666666666666,0.26666666666666666,0.3333333333333333
syn_3c_imbalanced_high_overlap,4,pearson_r2,0.4625,0.3288728149487643,0.43607026143790845
syn_3c_imbalanced_high_overlap,5,accuracy,0.6541666666666667,0.3636268036194668,0.37651852367042243
syn_3c_imbalanced_high_overlap,5,f1_score,0.6666666666666666,0.28898177174039247,0.3452380952380953
syn_3c_imbalanced_high_overlap,5,pearson_r2,0.625,0.40189317106152805,0.39936013353734867
syn_3c_imbalanced_high_overlap,6,accuracy,0.6625,0.2656641604010025,0.3333333333333333
syn_3c_imbalanced_high_overlap,6,f1_score,0.6625,0.2656641604010025,0.3333333333333333
syn_3c_imbalanced_high_overlap,6,pearson_r2,0.6666666666666666,0.42444754978563126,0.42378556454028155
syn_3c_imbalanced_high_overlap,7,accuracy,0.6416666666666667,0.4525120619547864,0.452466636677163
syn_3c_imbalanced_high_overlap,7,f1_score,0.6875,0.39195359164399407,0.4026715649522667
syn_3c_imbalanced_high_overlap,7,pearson_r2,0.6833333333333333,0.38552313905999686,0.4023841655420603
syn_bin_imbalanced_complete_overlap,0,accuracy,0.9142857142857143,0.47761194029850745,0.5
syn_bin_imbalanced_complete_overlap,0,f1_score,0.6523809523809524,0.44171309953020865,0.4574652777777778
syn_bin_imbalanced_complete_overlap,0,pearson_r2,0.7904761904761904,0.5467032967032966,0.5833333333333334
syn_bin_imbalanced_complete_overlap,1,accuracy,0.8904761904761904,0.47103274559193953,0.5
syn_bin_imbalanced_complete_overlap,1,f1_score,0.5142857142857142,0.43183023872679044,0.5556847244826785
syn_bin_imbalanced_complete_overlap,1,pearson_r2,0.5142857142857142,0.43183023872679044,0.5556847244826785
syn_bin_imbalanced_complete_overlap,2,accuracy,0.9047619047619048,0.475,0.5
syn_bin_imbalanced_complete_overlap,2,f1_score,0.7523809523809524,0.5326142783769903,0.5723684210526316
syn_bin_imbalanced_complete_overlap,2,pearson_r2,0.7095238095238096,0.5149748210972701,0.5710526315789474
syn_bin_imbalanced_complete_overlap,3,accuracy,0.9095238095238095,0.4763092269326683,0.5
syn_bin_imbalanced_complete_overlap,3,f1_score,0.45714285714285713,0.3801781275890638,0.5119867732157619
syn_bin_imbalanced_complete_overlap,3,pearson_r2,0.8238095238095238,0.5395555555555556,0.5476715348580876
syn_bin_imbalanced_complete_overlap,4,accuracy,0.8809523809523809,0.46835443037974683,0.5
syn_bin_imbalanced_complete_overlap,4,f1_score,0.5333333333333333,0.42249410708272533,0.4756756756756757
syn_bin_imbalanced_complete_overlap,4,pearson_r2,0.5333333333333333,0.43393112553636265,0.5102702702702703
syn_bin_imbalanced_complete_overlap,5,accuracy,0.9047619047619048,0.475,0.5
syn_bin_imbalanced_complete_overlap,5,f1_score,0.5095238095238095,0.41872027088764074,0.55
syn_bin_imbalanced_complete_overlap,5,pearson_r2,0.6666666666666666,0.47916666666666663,0.5249999999999999
syn_bin_imbalanced_complete_overlap,6,accuracy,0.919047619047619,0.47890818858560796,0.5
syn_bin_imbalanced_complete_overlap,6,f1_score,0.638095238095238,0.44436707979390055,0.4812557147211216
syn_bin_imbalanced_complete_overlap,6,pearson_r2,0.861904761904762,0.5231383603476627,0.5225540993599512
syn_bin_imbalanced_complete_overlap,7,accuracy,0.9,0.47368421052631576,0.5
syn_bin_imbalanced_complete_overlap,7,f1_score,0.6714285714285714,0.4621181187126471,0.47883597883597884
syn_bin_imbalanced_complete_overlap,7,pearson_r2,0.7761904761904762,0.47553004941814125,0.47354497354497355
syn_4c_imbalanced_complete_overlap,0,accuracy,0.7296296296296296,0.21092077087794434,0.25
syn_4c_imbalanced_complete_overlap,0,f1_score,0.7296296296296296,0.21092077087794434,0.25
syn_4c_imbalanced_complete_overlap,0,pearson_r2,0.5777777777777777,0.24522095164503227,0.2611787947927604
syn_4c_imbalanced_complete_overlap,1,accuracy,0.7,0.20588235294117646,0.25
syn_4c_imbalanced_complete_overlap,1,f1_score,0.7,0.20588235294117646,0.25
syn_4c_imbalanced_complete_overlap,1,pearson_r2,0.21481481481481482,0.17474430871622207,0.24067460317460315
syn_4c_imbalanced_complete_overlap,2,accuracy,0.737037037037037,0.21215351812366737,0.25
syn_4c_imbalanced_complete_overlap,2,f1_score,0.737037037037037,0.21215351812366737,0.25
syn_4c_imbalanced_complete_overlap,2,pearson_r2,0.1962962962962963,0.15234929639507075,0.3172002612842483
syn_4c_imbalanced_complete_overlap,3,accuracy,0.7111111111111111,0.25306324110671935,0.2865384615384615
syn_4c_imbalanced_complete_overlap,3,f1_score,0.7222222222222222,0.20967741935483872,0.25
syn_4c_imbalanced_complete_overlap,3,pearson_r2,0.34444444444444444,0.21153231716581317,0.2556267806267806
syn_4c_imbalanced_complete_overlap,4,accuracy,0.6851851851851852,0.20555555555555555,0.24601063829787234
syn_4c_imbalanced_complete_overlap,4,f1_score,0.6962962962962963,0.2052401746724891,0.25
syn_4c_imbalanced_complete_overlap,4,pearson_r2,0.6333333333333333,0.22816317488448634,0.24525448477263245
syn_4c_imbalanced_complete_overlap,5,accuracy,0.6962962962962963,0.2052401746724891,0.25
syn_4c_imbalanced_complete_overlap,5,f1_score,0.6962962962962963,0.2052401746724891,0.25
syn_4c_imbalanced_complete_overlap,5,pearson_r2,0.17037037037037037,0.18137453845174434,0.26040814238952537
syn_4c_imbalanced_complete_overlap,6,accuracy,0.7037037037037037,0.20652173913043478,0.25
syn_4c_imbalanced_complete_overlap,6,f1_score,0.7037037037037037,0.20652173913043478,0.25
syn_4c_imbalanced_complete_overlap,6,pearson_r2,0.4185185185185185,0.23474232773595832,0.25951643815420905
syn_4c_imbalanced_complete_overlap,7,accuracy,0.7,0.20588235294117646,0.25
syn_4c_imbalanced_complete_overlap,7,f1_score,0.7,0.20588235294117646,0.25
syn_4c_imbalanced_complete_overlap,7,pearson_r2,0.3925925925925926,0.19229094076655054,0.19849537037037035
